Workbook

Sheet Dashboard
A1: MACHINE LEARNING · RESULTADOS DEL GRUPO
A3: Intentos registrados | B3: =COUNTA(Respuestas!A2:A1000) -> 0
A4: Promedio del total / 50 | B4: =IFERROR(AVERAGE(Respuestas!Z2:Z1000),0) -> 0
A5: Promedio de la nota / 5 | B5: =IFERROR(AVERAGE(Respuestas!AB2:AB1000),0) -> 0
A6: Promedio de aciertos | B6: =IFERROR(AVERAGE(Respuestas!AC2:AC1000),0) -> 0
A8: Pregunta | B8: Tema | C8: Correctas | D8: Incorrectas | E8: % de acierto | F8: Promedio / 5
A9: P01 | B9: Tipos de aprendizaje | C9: =COUNTIF(Respuestas!G2:G1000,5) -> 0 | D9: =MAX(0,$B$3-C9) -> 0 | E9: =IFERROR(C9/(C9+D9),0) -> 0 | F9: =IFERROR(AVERAGE(Respuestas!G2:G1000),0) -> 0
A10: P02 | B10: Reglas y aprendizaje | C10: =COUNTIF(Respuestas!I2:I1000,5) -> 0 | D10: =MAX(0,$B$3-C10) -> 0 | E10: =IFERROR(C10/(C10+D10),0) -> 0 | F10: =IFERROR(AVERAGE(Respuestas!I2:I1000),0) -> 0
A11: P03 | B11: Aprendizaje supervisado | C11: =COUNTIF(Respuestas!K2:K1000,5) -> 0 | D11: =MAX(0,$B$3-C11) -> 0 | E11: =IFERROR(C11/(C11+D11),0) -> 0 | F11: =IFERROR(AVERAGE(Respuestas!K2:K1000),0) -> 0
A12: P04 | B12: Reconocer técnicas | C12: =COUNTIF(Respuestas!M2:M1000,5) -> 0 | D12: =MAX(0,$B$3-C12) -> 0 | E12: =IFERROR(C12/(C12+D12),0) -> 0 | F12: =IFERROR(AVERAGE(Respuestas!M2:M1000),0) -> 0
A13: P05 | B13: Aprendizaje no supervisado | C13: =COUNTIF(Respuestas!O2:O1000,5) -> 0 | D13: =MAX(0,$B$3-C13) -> 0 | E13: =IFERROR(C13/(C13+D13),0) -> 0 | F13: =IFERROR(AVERAGE(Respuestas!O2:O1000),0) -> 0
A14: P06 | B14: Clasificación | C14: =COUNTIF(Respuestas!Q2:Q1000,5) -> 0 | D14: =MAX(0,$B$3-C14) -> 0 | E14: =IFERROR(C14/(C14+D14),0) -> 0 | F14: =IFERROR(AVERAGE(Respuestas!Q2:Q1000),0) -> 0
A15: P07 | B15: Regresión | C15: =COUNTIF(Respuestas!S2:S1000,5) -> 0 | D15: =MAX(0,$B$3-C15) -> 0 | E15: =IFERROR(C15/(C15+D15),0) -> 0 | F15: =IFERROR(AVERAGE(Respuestas!S2:S1000),0) -> 0
A16: P08 | B16: Entrenamiento y evaluación | C16: =COUNTIF(Respuestas!U2:U1000,5) -> 0 | D16: =MAX(0,$B$3-C16) -> 0 | E16: =IFERROR(C16/(C16+D16),0) -> 0 | F16: =IFERROR(AVERAGE(Respuestas!U2:U1000),0) -> 0
A17: P09 | B17: Sobreajuste | C17: =COUNTIF(Respuestas!W2:W1000,5) -> 0 | D17: =MAX(0,$B$3-C17) -> 0 | E17: =IFERROR(C17/(C17+D17),0) -> 0 | F17: =IFERROR(AVERAGE(Respuestas!W2:W1000),0) -> 0
A18: P10 | B18: Interpretación de resultados | C18: =COUNTIF(Respuestas!Y2:Y1000,5) -> 0 | D18: =MAX(0,$B$3-C18) -> 0 | E18: =IFERROR(C18/(C18+D18),0) -> 0 | F18: =IFERROR(AVERAGE(Respuestas!Y2:Y1000),0) -> 0
A20: Cada fila de Respuestas corresponde a un intento. Para exportar: Archivo → Descargar → Microsoft Excel (.xlsx). La hoja es privada; comparta solo el formulario.

Sheet Guía
A1: EVALUACIÓN CONCEPTUAL | B1: Instrucciones para el docente
A2: Cuenta propietaria | B2: opvargas23@gmail.com
A3: Calificación | B3: 10 preguntas × 5 puntos. Correcta: 5; incorrecta: 0. Total / 50; nota = total / 10.
A4: Dashboard | B4: Los indicadores se actualizan con cada registro. Se cuentan intentos, no personas únicas.
A5: Exportar a Excel | B5: Archivo → Descargar → Microsoft Excel (.xlsx). Incluye las cuatro pestañas.
A6: Privacidad | B6: Mantenga este archivo restringido. Comparta únicamente la URL /exec del formulario.
A7: Banco de preguntas | B7: La pestaña Preguntas documenta el banco. Editarla no cambia el cuestionario; el banco está en Code.gs.
A8: Reintentos | B8: Un reenvío técnico conserva el mismo ID y no crea otra fila. Un nuevo cuestionario sí crea otro intento.

Sheet Respuestas
A1: ID del intento | B1: Fecha y hora (Bogotá) | C1: Nombre completo | D1: Versión | E1: Duración (segundos) | F1: P01 · Respuesta | G1: P01 · Puntos (0–5) | H1: P02 · Respuesta | I1: P02 · Puntos (0–5) | J1: P03 · Respuesta | K1: P03 · Puntos (0–5) | L1: P04 · Respuesta | M1: P04 · Puntos (0–5) | N1: P05 · Respuesta | O1: P05 · Puntos (0–5) | P1: P06 · Respuesta | Q1: P06 · Puntos (0–5) | R1: P07 · Respuesta | S1: P07 · Puntos (0–5) | T1: P08 · Respuesta | U1: P08 · Puntos (0–5) | V1: P09 · Respuesta | W1: P09 · Puntos (0–5) | X1: P10 · Respuesta | Y1: P10 · Puntos (0–5) | Z1: Total (0–50) | AA1: Máximo | AB1: Nota (0–5) | AC1: Porcentaje | AD1: Comprobante interno

Sheet Preguntas
A1: ID | B1: Tema | C1: Pregunta | D1: Opción A | E1: Opción B | F1: Opción C | G1: Opción D | H1: Correcta | I1: Puntos | J1: Explicación | K1: Fuente HTML
A2: P01 | B2: Tipos de aprendizaje | C2: ¿Cuáles son los dos tipos de aprendizaje que se trabajaron principalmente en el módulo? | D2: Lineal y digital. | E2: Supervisado y no supervisado. | F2: Rápido y lento. | G2: Manual y automático. | H2: B | I2: 5 | J2: En el módulo se estudian el aprendizaje supervisado, con respuestas conocidas, y el no supervisado, que busca estructura sin esas respuestas. | K2: index/2-1-clase-fundamentos.html
A3: P02 | B3: Reglas y aprendizaje | C3: ¿Cuál es la principal diferencia entre un sistema basado en reglas y uno de machine learning? | D3: El sistema de reglas siempre necesita más datos. | E3: Machine learning funciona sin datos. | F3: Los dos requieren escribir a mano todas las reglas de decisión. | G3: En el primero se escriben las reglas; en machine learning el modelo aprende patrones a partir de datos. | H3: D | I3: 5 | J3: En un sistema basado en reglas una persona define cómo decidir. En machine learning se ajusta un modelo a partir de ejemplos. | K3: index/2-1-clase-fundamentos.html
A4: P03 | B4: Aprendizaje supervisado | C4: ¿Qué caracteriza a los datos usados para entrenar un modelo de aprendizaje supervisado? | D4: Incluyen ejemplos con la respuesta que se quiere aprender a predecir. | E4: No pueden contener números. | F4: Siempre están organizados en grupos sin etiquetas. | G4: Solo pueden ser imágenes. | H4: A | I4: 5 | J4: Los ejemplos de entrenamiento incluyen una respuesta conocida: por ejemplo, el precio de una vivienda o si un estudiante continuó sus estudios. | K4: index/2-1-clase-fundamentos.html
A5: P04 | B5: Reconocer técnicas | C5: ¿Cuál de estas técnicas NO corresponde al aprendizaje supervisado, tal como se presentó en clase? | D5: Regresión lineal. | E5: Regresión logística. | F5: K-means para formar grupos. | G5: Árbol de decisión para predecir una categoría. | H5: C | I5: 5 | J5: K-means forma grupos por semejanza sin necesitar una respuesta o etiqueta previamente asignada a cada caso. | K5: index/2-1-clase-mapa-tecnicas.html
A6: P05 | B6: Aprendizaje no supervisado | C6: ¿Cuál de estas situaciones es un ejemplo de aprendizaje no supervisado? | D6: Predecir el precio de una vivienda usando ejemplos con precios conocidos. | E6: Agrupar municipios por sus características, sin asignarles grupos de antemano. | F6: Reconocer correos no deseados a partir de correos ya etiquetados. | G6: Predecir si un estudiante desertará usando casos con resultados conocidos. | H6: B | I6: 5 | J6: Buscar grupos de municipios parecidos sin etiquetas previas es una tarea de agrupamiento no supervisado. | K6: index/2-3-clase-no-supervisado.html
A7: P06 | B7: Clasificación | C7: Si se quiere predecir si un correo es «no deseado» o «normal», ¿qué tarea se está realizando? | D7: Clasificación, porque se predice una categoría. | E7: Regresión, porque se predice un valor numérico continuo. | F7: Agrupamiento, porque no existen categorías conocidas. | G7: Reducción de dimensiones, porque se eliminan correos. | H7: A | I7: 5 | J7: La clasificación predice categorías. En este ejemplo las categorías son «no deseado» y «normal». | K7: index/2-1-clase-mapa-tecnicas.html
A8: P07 | B8: Regresión | C8: Si se quiere estimar el precio de una vivienda a partir de sus características, ¿qué tarea corresponde? | D8: Clasificación de imágenes. | E8: Agrupamiento sin etiquetas. | F8: Detección de correos no deseados. | G8: Regresión, porque se quiere predecir un valor numérico. | H8: D | I8: 5 | J8: La regresión se utiliza para predecir cantidades, como un precio, un ingreso o una temperatura. | K8: index/2-2-clase-regresion-lineal.html
A9: P08 | B9: Entrenamiento y evaluación | C9: ¿Para qué se reservan datos de prueba que el modelo no utilizó durante el entrenamiento? | D9: Para que el modelo memorice también esos datos antes de evaluarlo. | E9: Para evitar revisar la calidad de los datos. | F9: Para evaluar cómo funciona el modelo en casos que no ha visto. | G9: Para garantizar que nunca cometerá errores. | H9: C | I9: 5 | J9: Los datos de prueba permiten evaluar si lo aprendido resulta útil en casos nuevos. Un buen resultado no garantiza que el modelo nunca se equivoque. | K9: index/2-1-clase-fundamentos.html
A10: P09 | B10: Sobreajuste | C10: Un modelo funciona muy bien con los datos de entrenamiento, pero falla en casos nuevos. ¿Qué podría estar ocurriendo? | D10: Sobreajuste: se adaptó demasiado a los ejemplos de entrenamiento. | E10: El modelo ya aprendió todo y no necesita evaluación. | F10: Los datos nuevos siempre están equivocados. | G10: El modelo dejó de ser machine learning. | H10: A | I10: 5 | J10: El sobreajuste ocurre cuando el modelo se adapta demasiado a particularidades del entrenamiento y generaliza mal a nuevos casos. | K10: index/2-2-clase-arbol-decision.html
A11: P10 | B11: Interpretación de resultados | C11: Después de obtener los resultados de un modelo, ¿qué es lo más adecuado en una investigación? | D11: Aceptar todas las predicciones como verdades definitivas. | E11: Comunicar solo los resultados que parecen favorables. | F11: Suponer que una predicción demuestra automáticamente una causa. | G11: Interpretarlos en el contexto del problema y comunicar sus alcances y limitaciones. | H11: D | I11: 5 | J11: Los resultados requieren interpretación y evaluación en contexto. Una predicción por sí sola no demuestra causalidad ni elimina la incertidumbre. | K11: index/2-1-clase-fundamentos.html
